{
  "fx": 747.837646484375,
  "fy": 747.4833374023438,
  "cx": 643.3602905273438,
  "cy": 347.8624572753906,
  "width": 1280,
  "height": 720,
  "distortion_model": "plumb_bob"
}