{
  "V4": {
    "overall": {
      "rmse": 1.373685359954834,
      "mae": 1.2685126066207886,
      "abs_rel": 2.3539979457855225,
      "delta_125": 8.710878260443025,
      "n_pixels": 7828384
    },
    "near": {
      "rmse": 1.4336546659469604,
      "mae": 1.389230489730835,
      "abs_rel": 2.917673110961914,
      "delta_125": 0.0,
      "n_pixels": 4871785,
      "rmse_std": 0.23561496089595468,
      "rmse_ci95": 0.021555226566454054,
      "delta_125_std": 0.0,
      "delta_125_ci95": 0.0,
      "n_frames": 459
    },
    "mid": {
      "rmse": 1.181703805923462,
      "mae": 1.0298924446105957,
      "abs_rel": 0.7850192785263062,
      "delta_125": 11.775900335510503,
      "n_pixels": 1292657,
      "rmse_std": 0.5268359712281248,
      "rmse_ci95": 0.051565508529968905,
      "delta_125_std": 21.69764797788398,
      "delta_125_ci95": 2.1237165132738567,
      "n_frames": 401
    },
    "far": {
      "rmse": 1.2826265096664429,
      "mae": 0.9103344678878784,
      "abs_rel": 0.31531697511672974,
      "delta_125": 53.255392058052806,
      "n_pixels": 957473,
      "rmse_std": 0.8031441785430126,
      "rmse_ci95": 0.08118123701671623,
      "delta_125_std": 34.850722943414915,
      "delta_125_ci95": 3.52268605694906,
      "n_frames": 376
    }
  },
  "V7": {
    "overall": {
      "rmse": 1.7121222019195557,
      "mae": 1.2314610481262207,
      "abs_rel": 2.134575605392456,
      "delta_125": 10.707203427936085,
      "n_pixels": 7828384
    },
    "near": {
      "rmse": 1.981589436531067,
      "mae": 1.49920654296875,
      "abs_rel": 2.881516218185425,
      "delta_125": 0.011330549275060373,
      "n_pixels": 4871785,
      "rmse_std": 0.8355059484307775,
      "rmse_ci95": 0.07643623285873735,
      "delta_125_std": 0.08351142367009289,
      "delta_125_ci95": 0.007640039712465018,
      "n_frames": 459
    },
    "mid": {
      "rmse": 1.4528989791870117,
      "mae": 0.937103271484375,
      "abs_rel": 0.7421157956123352,
      "delta_125": 20.455000823884447,
      "n_pixels": 1292657,
      "rmse_std": 0.8394971155222052,
      "rmse_ci95": 0.08216807134568263,
      "delta_125_std": 18.236704263175334,
      "delta_125_ci95": 1.7849672015544524,
      "n_frames": 401
    },
    "far": {
      "rmse": 0.7319538593292236,
      "mae": 0.5852566361427307,
      "abs_rel": 0.2008219212293625,
      "delta_125": 57.27482654863375,
      "n_pixels": 957473,
      "rmse_std": 0.3529818344743314,
      "rmse_ci95": 0.03567915043478254,
      "delta_125_std": 25.706461444442247,
      "delta_125_ci95": 2.5983906689931637,
      "n_frames": 376
    }
  },
  "DA3-Large-median": {
    "overall": {
      "rmse": 0.5959126353263855,
      "mae": 0.3006444573402405,
      "abs_rel": 0.2212565839290619,
      "delta_125": 56.06707809890564,
      "n_pixels": 93940945
    },
    "near": {
      "rmse": 0.1580367535352707,
      "mae": 0.08689990639686584,
      "abs_rel": 0.16882042586803436,
      "delta_125": 70.74187604486845,
      "n_pixels": 58424221,
      "rmse_std": 0.08519153194318965,
      "rmse_ci95": 0.007793744359848453,
      "delta_125_std": 25.129698675232707,
      "delta_125_ci95": 2.29898961607349,
      "n_frames": 459
    },
    "mid": {
      "rmse": 0.4856163561344147,
      "mae": 0.3662288188934326,
      "abs_rel": 0.252951055765152,
      "delta_125": 44.306355984908166,
      "n_pixels": 15532636,
      "rmse_std": 0.23975303617530566,
      "rmse_ci95": 0.023437277410611808,
      "delta_125_std": 38.123482309150546,
      "delta_125_ci95": 3.7267958937745607,
      "n_frames": 402
    },
    "far": {
      "rmse": 1.3196345567703247,
      "mae": 1.2000199556350708,
      "abs_rel": 0.4014948606491089,
      "delta_125": 10.932894557282092,
      "n_pixels": 11504730,
      "rmse_std": 0.40316403947955587,
      "rmse_ci95": 0.04027239840024311,
      "delta_125_std": 17.367496709124453,
      "delta_125_ci95": 1.7348540003410664,
      "n_frames": 385
    }
  },
  "DA3-Small-HPC": {
    "overall": {
      "rmse": 0.596,
      "mae": 0.301,
      "abs_rel": 0.221,
      "delta_125": 56.1
    },
    "near": {
      "rmse": 0.158,
      "note": "per-bin delta<1.25 not saved from HPC"
    },
    "mid": {
      "rmse": 0.486
    },
    "far": {
      "rmse": 1.32
    },
    "floor": {
      "rmse": 0.089
    },
    "walls_ceiling": {
      "rmse": 0.715
    },
    "source": "HPC eval_corridor_da3.py --model-id depth-anything/DA3-SMALL --relative --manifest $SCRATCH/corridor_eval_data/manifest.jsonl"
  }
}