{
  "model_id": "depth-anything/DA3-SMALL",
  "model_short": "DA3-SMALL",
  "mode": "relative",
  "split": "val",
  "n_images": 290,
  "depth_range": [
    0.001,
    10.0
  ],
  "rmse": {
    "mean": 0.5133987661836477,
    "std": 0.33255420408664016,
    "se": 0.01952825527242943,
    "ci95": 0.03827538033396168,
    "min": 0.09824158996343613,
    "max": 2.590380907058716
  },
  "mae": {
    "mean": 0.32803251930865746,
    "std": 0.21791533396835192,
    "se": 0.012796429024851553,
    "ci95": 0.025081000888709043,
    "min": 0.06810424476861954,
    "max": 1.954751968383789
  },
  "abs_rel": {
    "mean": 0.1239443597094766,
    "std": 0.07037796234084093,
    "se": 0.004132736249478614,
    "ci95": 0.008100163048978083,
    "min": 0.03981498256325722,
    "max": 0.6424592733383179
  },
  "delta_125": {
    "mean": 85.23943628771552,
    "std": 13.504850332235687,
    "se": 0.7930321176608656,
    "ci95": 1.5543429506152964,
    "min": 21.0478515625,
    "max": 99.857421875
  },
  "delta_125_2": {
    "mean": 95.34992816091955,
    "std": 5.820800883346273,
    "se": 0.3418091972469978,
    "ci95": 0.6699460266041157,
    "min": 56.988606770833336,
    "max": 100.0
  },
  "delta_125_3": {
    "mean": 98.1708984375,
    "std": 2.830080336021072,
    "se": 0.16618803961625395,
    "ci95": 0.32572855764785774,
    "min": 71.26985677083333,
    "max": 100.0
  },
  "mean_latency_ms": 65.33142533795586,
  "fps": 15.306569462200695
}