{
  "sensor": {
    "overall": {
      "rmse_mean": 0.0,
      "rmse_std": 0.0,
      "rmse_ci95": 0.0,
      "mae_mean": 0.0,
      "mae_std": 0.0,
      "mae_ci95": 0.0,
      "abs_rel_mean": 0.0,
      "abs_rel_std": 0.0,
      "abs_rel_ci95": 0.0,
      "delta_125_mean": 100.0,
      "delta_125_std": 0.0,
      "delta_125_ci95": 0.0,
      "n_frames": 459
    },
    "near": {
      "rmse_mean": 0.0,
      "rmse_std": 0.0,
      "rmse_ci95": 0.0,
      "mae_mean": 0.0,
      "mae_std": 0.0,
      "mae_ci95": 0.0,
      "abs_rel_mean": 0.0,
      "abs_rel_std": 0.0,
      "abs_rel_ci95": 0.0,
      "delta_125_mean": 100.0,
      "delta_125_std": 0.0,
      "delta_125_ci95": 0.0,
      "n_frames": 459
    },
    "mid": {
      "rmse_mean": 0.0,
      "rmse_std": 0.0,
      "rmse_ci95": 0.0,
      "mae_mean": 0.0,
      "mae_std": 0.0,
      "mae_ci95": 0.0,
      "abs_rel_mean": 0.0,
      "abs_rel_std": 0.0,
      "abs_rel_ci95": 0.0,
      "delta_125_mean": 100.0,
      "delta_125_std": 0.0,
      "delta_125_ci95": 0.0,
      "n_frames": 459
    },
    "far": {
      "rmse_mean": 0.0,
      "rmse_std": 0.0,
      "rmse_ci95": 0.0,
      "mae_mean": 0.0,
      "mae_std": 0.0,
      "mae_ci95": 0.0,
      "abs_rel_mean": 0.0,
      "abs_rel_std": 0.0,
      "abs_rel_ci95": 0.0,
      "delta_125_mean": 100.0,
      "delta_125_std": 0.0,
      "delta_125_ci95": 0.0,
      "n_frames": 459
    }
  },
  "da3": {
    "overall": {
      "rmse_mean": 0.815512247984186,
      "rmse_std": 0.19391650664569404,
      "rmse_ci95": 0.017740444918389706,
      "mae_mean": 0.454577715957866,
      "mae_std": 0.1158922352301416,
      "mae_ci95": 0.010602397140568761,
      "abs_rel_mean": 0.33977157565763055,
      "abs_rel_std": 0.08213269133510494,
      "abs_rel_ci95": 0.007513906432378932,
      "delta_125_mean": 37.71816052552572,
      "delta_125_std": 11.438085436032207,
      "delta_125_ci95": 1.0464128513851334,
      "n_frames": 459
    },
    "near": {
      "rmse_mean": 0.19544818054292196,
      "rmse_std": 0.09186992096781682,
      "rmse_ci95": 0.008404716549294129,
      "mae_mean": 0.1308930488485916,
      "mae_std": 0.04389234282293528,
      "mae_ci95": 0.004015489468424021,
      "abs_rel_mean": 0.24827688841518494,
      "abs_rel_std": 0.08223216111351474,
      "abs_rel_ci95": 0.007523006421624034,
      "delta_125_mean": 51.52965022034017,
      "delta_125_std": 15.755901903990988,
      "delta_125_ci95": 1.441428141947762,
      "n_frames": 459
    },
    "mid": {
      "rmse_mean": 0.769579724159116,
      "rmse_std": 0.35272228868602207,
      "rmse_ci95": 0.032268786407934576,
      "mae_mean": 0.6402010477121619,
      "mae_std": 0.31190289891265777,
      "mae_ci95": 0.02853442594320242,
      "abs_rel_mean": 0.4364885239819296,
      "abs_rel_std": 0.212204329818181,
      "abs_rel_ci95": 0.019413505790208785,
      "delta_125_mean": 29.436957859780748,
      "delta_125_std": 28.907262667228963,
      "delta_125_ci95": 2.644579927516892,
      "n_frames": 459
    },
    "far": {
      "rmse_mean": 1.7740912077733375,
      "rmse_std": 0.3760355541614656,
      "rmse_ci95": 0.03440159969541077,
      "mae_mean": 1.6515686209425169,
      "mae_std": 0.41697934115747765,
      "mae_ci95": 0.03814734063576388,
      "abs_rel_mean": 0.5873702374613623,
      "abs_rel_std": 0.1298076736377474,
      "abs_rel_ci95": 0.011875450543064431,
      "delta_125_mean": 8.510018573850347,
      "delta_125_std": 12.811710737158634,
      "delta_125_ci95": 1.1720789146546418,
      "n_frames": 459
    }
  },
  "v9": {
    "overall": {
      "rmse_mean": 1.6496784854558557,
      "rmse_std": 0.46564020766181347,
      "rmse_ci95": 0.04259907832861827,
      "mae_mean": 1.235869347334947,
      "mae_std": 0.3526764607448909,
      "mae_ci95": 0.032264593840321716,
      "abs_rel_mean": 2.2176070698985346,
      "abs_rel_std": 0.6597468713574031,
      "abs_rel_ci95": 0.06035691975815532,
      "delta_125_mean": 13.154985401945822,
      "delta_125_std": 7.567493642472284,
      "delta_125_ci95": 0.6923118947260847,
      "n_frames": 459
    },
    "near": {
      "rmse_mean": 1.9686499222431308,
      "rmse_std": 0.6256944795490095,
      "rmse_ci95": 0.057241637868718255,
      "mae_mean": 1.5508407664714556,
      "mae_std": 0.5139662593980586,
      "mae_ci95": 0.047020185503968394,
      "abs_rel_mean": 3.0773132364214897,
      "abs_rel_std": 1.0426877070787053,
      "abs_rel_ci95": 0.0953902488987653,
      "delta_125_mean": 2.049651390899445,
      "delta_125_std": 3.2782343062439847,
      "delta_125_ci95": 0.29990915237430765,
      "n_frames": 459
    },
    "mid": {
      "rmse_mean": 1.3801550965163703,
      "rmse_std": 0.4941438186077993,
      "rmse_ci95": 0.04520673019234732,
      "mae_mean": 1.020622052852884,
      "mae_std": 0.4519893827629424,
      "mae_ci95": 0.04135023308383734,
      "abs_rel_mean": 0.77340287054546,
      "abs_rel_std": 0.352834840878689,
      "abs_rel_ci95": 0.032279083241396514,
      "delta_125_mean": 23.14974046211201,
      "delta_125_std": 21.359474945713174,
      "delta_125_ci95": 1.9540708282894577,
      "n_frames": 459
    },
    "far": {
      "rmse_mean": 0.8959420704503984,
      "rmse_std": 0.32958662356785956,
      "rmse_ci95": 0.030152220883015213,
      "mae_mean": 0.7483237150707536,
      "mae_std": 0.31725105214647836,
      "mae_ci95": 0.029023701557232825,
      "abs_rel_mean": 0.2769341316066017,
      "abs_rel_std": 0.09789702162160199,
      "abs_rel_ci95": 0.008956105644609398,
      "delta_125_mean": 49.57183104625907,
      "delta_125_std": 23.533669718514272,
      "delta_125_ci95": 2.152976962047335,
      "n_frames": 459
    }
  },
  "fused_da3": {
    "overall": {
      "rmse_mean": 0.0,
      "rmse_std": 0.0,
      "rmse_ci95": 0.0,
      "mae_mean": 0.0,
      "mae_std": 0.0,
      "mae_ci95": 0.0,
      "abs_rel_mean": 0.0,
      "abs_rel_std": 0.0,
      "abs_rel_ci95": 0.0,
      "delta_125_mean": 100.0,
      "delta_125_std": 0.0,
      "delta_125_ci95": 0.0,
      "n_frames": 459
    },
    "near": {
      "rmse_mean": 0.0,
      "rmse_std": 0.0,
      "rmse_ci95": 0.0,
      "mae_mean": 0.0,
      "mae_std": 0.0,
      "mae_ci95": 0.0,
      "abs_rel_mean": 0.0,
      "abs_rel_std": 0.0,
      "abs_rel_ci95": 0.0,
      "delta_125_mean": 100.0,
      "delta_125_std": 0.0,
      "delta_125_ci95": 0.0,
      "n_frames": 459
    },
    "mid": {
      "rmse_mean": 0.0,
      "rmse_std": 0.0,
      "rmse_ci95": 0.0,
      "mae_mean": 0.0,
      "mae_std": 0.0,
      "mae_ci95": 0.0,
      "abs_rel_mean": 0.0,
      "abs_rel_std": 0.0,
      "abs_rel_ci95": 0.0,
      "delta_125_mean": 100.0,
      "delta_125_std": 0.0,
      "delta_125_ci95": 0.0,
      "n_frames": 459
    },
    "far": {
      "rmse_mean": 0.0,
      "rmse_std": 0.0,
      "rmse_ci95": 0.0,
      "mae_mean": 0.0,
      "mae_std": 0.0,
      "mae_ci95": 0.0,
      "abs_rel_mean": 0.0,
      "abs_rel_std": 0.0,
      "abs_rel_ci95": 0.0,
      "delta_125_mean": 100.0,
      "delta_125_std": 0.0,
      "delta_125_ci95": 0.0,
      "n_frames": 459
    }
  },
  "fused_v9": {
    "overall": {
      "rmse_mean": 0.0,
      "rmse_std": 0.0,
      "rmse_ci95": 0.0,
      "mae_mean": 0.0,
      "mae_std": 0.0,
      "mae_ci95": 0.0,
      "abs_rel_mean": 0.0,
      "abs_rel_std": 0.0,
      "abs_rel_ci95": 0.0,
      "delta_125_mean": 100.0,
      "delta_125_std": 0.0,
      "delta_125_ci95": 0.0,
      "n_frames": 459
    },
    "near": {
      "rmse_mean": 0.0,
      "rmse_std": 0.0,
      "rmse_ci95": 0.0,
      "mae_mean": 0.0,
      "mae_std": 0.0,
      "mae_ci95": 0.0,
      "abs_rel_mean": 0.0,
      "abs_rel_std": 0.0,
      "abs_rel_ci95": 0.0,
      "delta_125_mean": 100.0,
      "delta_125_std": 0.0,
      "delta_125_ci95": 0.0,
      "n_frames": 459
    },
    "mid": {
      "rmse_mean": 0.0,
      "rmse_std": 0.0,
      "rmse_ci95": 0.0,
      "mae_mean": 0.0,
      "mae_std": 0.0,